<?xml version="1.0" encoding="UTF-8"?>
<project-private xmlns="http://www.netbeans.org/ns/project-private/1">
    <editor-bookmarks xmlns="http://www.netbeans.org/ns/editor-bookmarks/2" lastBookmarkId="0"/>
    <open-files xmlns="http://www.netbeans.org/ns/projectui-open-files/2">
        <group>
            <file>file:/D:/Trabalho%20WS/RestLivrosAppWeb/src/java/br/upf/ads/entity/TbLivro.java</file>
            <file>file:/D:/Trabalho%20WS/RestLivrosAppWeb/src/java/br/upf/ads/teste/LivroWSClientFacadeTeste.java</file>
            <file>file:/D:/Trabalho%20WS/RestLivrosAppWeb/src/java/br/upf/ads/facade/LivroWSClientFacade.java</file>
        </group>
    </open-files>
</project-private>
