<?xml version='1.0' encoding='UTF-8'?>
<faces-config version="2.2"
              xmlns="http://xmlns.jcp.org/xml/ns/javaee"
              xmlns:xsi="http://www.w3.org/2001/XMLSchema-instance"
              xsi:schemaLocation="http://xmlns.jcp.org/xml/ns/javaee http://xmlns.jcp.org/xml/ns/javaee/web-facesconfig_2_2.xsd">
    
    <name>primefaces_ultima</name>
    
    <component>
        <component-type>org.primefaces.component.UltimaMenu</component-type>
        <component-class>org.primefaces.ultima.component.menu.UltimaMenu</component-class>
    </component>
    
    <render-kit>
        <renderer>
            <component-family>org.primefaces.component</component-family>
            <renderer-type>org.primefaces.component.UltimaMenuRenderer</renderer-type>
            <renderer-class>org.primefaces.ultima.component.menu.UltimaMenuRenderer</renderer-class>
        </renderer>
    </render-kit>
    
    <application>
        <resource-bundle>
            <base-name>/Bundle</base-name>
            <var>bundle</var>
        </resource-bundle>
    </application>
</faces-config>
